{
  "clients": [
    {
      "id": "5006",
      "name": "Zathunicon, Inc.",
      "contact": "Hannah Phillips",
      "email": "hannah_90@example.com",
      "phone": "(447) 889 3935",
      "city": "San Francisco",
      "country": "United States",
      "status": "On Going",
      "bill": "$6,171.00",
      "color": "blue"
    },
    {
      "id": "2268",
      "name": "Faxquote",
      "contact": "Zachary Jordan",
      "email": "zachary87@example.com",
      "phone": "(801) 493 1000",
      "city": "Pekalongan",
      "country": "Indonesia",
      "status": "On Going",
      "bill": "$8,365.00",
      "color": "indigo"
    },
    {
      "id": "5743",
      "name": "Opentech",
      "contact": "Lori Burns",
      "email": "loriburns@example.com",
      "phone": "(381) 765 6879",
      "city": "Los Angeles",
      "country": "United States",
      "status": "Completed",
      "bill": "$0.00",
      "color": "purple"
    },
    {
      "id": "5476",
      "name": "Codehow",
      "contact": "Zachary Hayes",
      "email": "zachary90@example.com",
      "phone": "(783) 482 6904",
      "city": "Mexico City",
      "country": "Mexico",
      "status": "On Going",
      "bill": "$7,625.00",
      "color": "pink"
    },
    {
      "id": "4423",
      "name": "Ron-tech",
      "contact": "Nancy Knight",
      "email": "nancy-knight@example.com",
      "phone": "(662) 753 5165",
      "city": "Pekalongan",
      "country": "Indonesia",
      "status": "Completed",
      "bill": "$0.00",
      "color": "red"
    },
    {
      "id": "6938",
      "name": "Groovestreet",
      "contact": "Rebecca Stewart",
      "email": "rebecca-95@example.com",
      "phone": "(511) 216 7617",
      "city": "London",
      "country": "United Kingdom",
      "status": "Completed",
      "bill": "$0.00",
      "color": "orange"
    },
    {
      "id": "6796",
      "name": "Bioplex et Chandon",
      "contact": "James Harris",
      "email": "james_harris@example.com",
      "phone": "(370) 570 8122",
      "city": "Hyderabad",
      "country": "India",
      "status": "On Going",
      "bill": "$3,142.00",
      "color": "yellow"
    },
    {
      "id": "7274",
      "name": "Streethex",
      "contact": "Sean McCoy",
      "email": "seanmccoy@example.com",
      "phone": "(551) 361 8277",
      "city": "Mexico City",
      "country": "Mexico",
      "status": "Completed",
      "bill": "$0.00",
      "color": "green"
    },
    {
      "id": "4080",
      "name": "Hottechi Motor Company, Ltd",
      "contact": "Deborah Powell",
      "email": "deborah-92@example.com",
      "phone": "(184) 479 3246",
      "city": "Jakarta",
      "country": "Indonesia",
      "status": "Completed",
      "bill": "$0.00",
      "color": "teal"
    },
    {
      "id": "1031",
      "name": "Newex",
      "contact": "Jacob Wright",
      "email": "jacob-wright@example.com",
      "phone": "(797) 810 7486",
      "city": "Tokyo",
      "country": "Japan",
      "status": "Completed",
      "bill": "$0.00",
      "color": "cyan"
    },
    {
      "id": "1930",
      "name": "Finjob",
      "contact": "Angela Lane",
      "email": "angela.lane@example.com",
      "phone": "(737) 525 5681",
      "city": "Paris",
      "country": "France",
      "status": "Completed",
      "bill": "$0.00",
      "color": "blue"
    },
    {
      "id": "5973",
      "name": "Sonron, Inc.",
      "contact": "Samantha Bailey",
      "email": "samantha-97@example.com",
      "phone": "(466) 385 2892",
      "city": "Beijing",
      "country": "China",
      "status": "Completed",
      "bill": "$0.00",
      "color": "indigo"
    },
    {
      "id": "7288",
      "name": "Doncon",
      "contact": "Angela Wilson",
      "email": "angela_88@example.com",
      "phone": "(908) 937 9789",
      "city": "Delhi",
      "country": "India",
      "status": "Completed",
      "bill": "$0.00",
      "color": "purple"
    },
    {
      "id": "3708",
      "name": "Conecom",
      "contact": "Russell Simpson",
      "email": "russell97@example.com",
      "phone": "(401) 927 9390",
      "city": "São Paulo",
      "country": "Brazil",
      "status": "Completed",
      "bill": "$0.00",
      "color": "pink"
    },
    {
      "id": "4003",
      "name": "J-Texon Systems, Inc.",
      "contact": "Joseph Obrien",
      "email": "joseph-95@example.com",
      "phone": "(626) 565 3209",
      "city": "New York City",
      "country": "United States",
      "status": "Completed",
      "bill": "$0.00",
      "color": "red"
    }
  ]
}
