{
  "docs-menu": [
    {
      "id": "getting-started",
      "type": "link",
      "text": "Getting Started",
      "link": "index.html"
    },
    {
      "id": "basic-layout",
      "type": "link",
      "text": "Basic Layout",
      "link": "basic-layout.html"
    },
    {
      "id": "build-tools",
      "type": "link",
      "text": "Build Tools",
      "link": "build-tools.html"
    },
    {
      "id": "theming",
      "type": "link",
      "text": "Theming",
      "link": "theming.html"
    },

    {
      "type": "header",
      "text": "Components"
    },

    {
      "id": "components-bootstrap",
      "type": "link",
      "text": "Bootstrap",
      "link": "components-bootstrap.html"
    },
    {
      "id": "components-looper",
      "type": "link",
      "text": "Looper",
      "link": "components-looper.html"
    },
    {
      "id": "plugins",
      "type": "link",
      "text": "Plugins",
      "link": "components-plugins.html"
    }
  ]
}
