{
  "leaderboard": [
    {
      "avatar": "uifaces16.jpg",
      "name": "Martha Myers",
      "username": "mmyers",
      "job": "Writer",
      "tasks": 2811,
      "completed": 2065,
      "active": 231,
      "overdue": 54
    },
    {
      "avatar": "uifaces15.jpg",
      "name": "Tammy Beck",
      "username": "tbeck",
      "job": "Designer",
      "tasks": 2643,
      "completed": 1432,
      "active": 406,
      "overdue": 49
    },
    {
      "avatar": "uifaces17.jpg",
      "name": "Susan Kelley",
      "username": "skelley",
      "job": "Web Developer",
      "tasks": 2438,
      "completed": 1271,
      "active": 87,
      "overdue": 82
    },
    {
      "avatar": "uifaces18.jpg",
      "name": "Albert Newman",
      "username": "anewman",
      "job": "Web Developer",
      "tasks": 2031,
      "completed": 1527,
      "active": 205,
      "overdue": 151
    },
    {
      "avatar": "uifaces19.jpg",
      "name": "Kyle Grant",
      "username": "kgrant",
      "job": "Designer",
      "tasks": 1743,
      "completed": 643,
      "active": 265,
      "overdue": 127
    }
  ]
}
