{
  "leaderboard2": [
    {
      "avatar": "uifaces19.jpg",
      "name": "Martha Myers",
      "username": "mmyers",
      "job": "Writer",
      "leads": 1811,
      "google": 534,
      "facebook": 614,
      "linkedin": 388,
      "mailchimp": 275
    },
    {
      "avatar": "uifaces15.jpg",
      "name": "Tammy Beck",
      "username": "tbeck",
      "job": "Designer",
      "leads": 1643,
      "google": 432,
      "facebook": 406,
      "linkedin": 249,
      "mailchimp": 556
    },
    {
      "avatar": "uifaces17.jpg",
      "name": "Susan Kelley",
      "username": "skelley",
      "job": "Web Developer",
      "leads": 1438,
      "google": 271,
      "facebook": 587,
      "linkedin": 482,
      "mailchimp": 98
    },
    {
      "avatar": "uifaces18.jpg",
      "name": "Albert Newman",
      "username": "anewman",
      "job": "Web Developer",
      "leads": 1031,
      "google": 427,
      "facebook": 205,
      "linkedin": 151,
      "mailchimp": 248
    },
    {
      "avatar": "uifaces16.jpg",
      "name": "Kyle Grant",
      "username": "kgrant",
      "job": "Designer",
      "leads": 943,
      "google": 443,
      "facebook": 265,
      "linkedin": 127,
      "mailchimp": 108
    }
  ]
}
