{
  "people": [
    {
      "avatar": "uifaces2.jpg",
      "name": "Johnny Day",
      "username": "jday",
      "job": "Computer Hardware Engineer",
      "teams": 7,
      "tasks": 27,
      "follow": true,
      "followers": "21.6K",
      "following": "16",
      "badge": "online"
    },
    {
      "avatar": "uifaces3.jpg",
      "name": "Sarah Bishop",
      "username": "sbishop",
      "job": "Designer",
      "teams": 26,
      "tasks": 21,
      "follow": true,
      "followers": "644",
      "following": "81",
      "badge": "online"
    },
    {
      "avatar": "uifaces5.jpg",
      "name": "Craig Hansen",
      "username": "chansen",
      "job": "Software Developer",
      "teams": 13,
      "tasks": 18,
      "follow": true,
      "followers": "3,691",
      "following": "1,229",
      "badge": "online"
    },
    {
      "avatar": "uifaces9.jpg",
      "name": "Jane Barnes",
      "username": "jbarnes",
      "job": "Social Worker",
      "teams": 19,
      "tasks": 42,
      "follow": false,
      "followers": "2,581",
      "following": "581",
      "badge": "idle"
    },
    {
      "avatar": "uifaces4.jpg",
      "name": "Nicole Barnett",
      "username": "nbarnett",
      "job": "Marketing Manager",
      "teams": 15,
      "tasks": 4,
      "follow": true,
      "followers": "815",
      "following": "23",
      "badge": "online"
    },
    {
      "avatar": "uifaces6.jpg",
      "name": "Michael Ward",
      "username": "mward",
      "job": "Lawyer",
      "teams": 14,
      "tasks": 5,
      "follow": false,
      "followers": "322",
      "following": "721",
      "badge": "busy"
    },
    {
      "avatar": "uifaces8.jpg",
      "name": "Juan Fuller",
      "username": "jfuller",
      "job": "Budget analyst",
      "teams": 2,
      "tasks": 16,
      "follow": false,
      "followers": "11.7K",
      "following": "5,091",
      "badge": "idle"
    },
    {
      "avatar": "uifaces7.jpg",
      "name": "Julia Silva",
      "username": "jsilva",
      "job": "Photographer",
      "teams": 11,
      "tasks": 31,
      "follow": true,
      "followers": "745",
      "following": "58",
      "badge": "online"
    },
    {
      "avatar": "uifaces10.jpg",
      "name": "Joe Hanson",
      "username": "jhanson",
      "job": "Logistician",
      "teams": 19,
      "tasks": 12,
      "follow": false,
      "followers": "219",
      "following": "1",
      "badge": "offline"
    },
    {
      "avatar": "uifaces11.jpg",
      "name": "Brenda Griffin",
      "username": "bgriffin",
      "job": "Medical Assistant",
      "teams": 21,
      "tasks": 13,
      "follow": true,
      "followers": "13.1K",
      "following": "2,581",
      "badge": "online"
    },
    {
      "avatar": "uifaces12.jpg",
      "name": "Ryan Jimenez",
      "username": "rjimenez",
      "job": "Photographer",
      "teams": 9,
      "tasks": 19,
      "follow": true,
      "followers": "4,221",
      "following": "1,581",
      "badge": "online"
    },
    {
      "avatar": "uifaces13.jpg",
      "name": "Bryan Hayes",
      "username": "bhayes",
      "job": "Computer Systems Analyst",
      "teams": 5,
      "tasks": 12,
      "follow": true,
      "followers": "12K",
      "following": "3,112",
      "badge": "busy"
    },
    {
      "avatar": "uifaces14.jpg",
      "name": "Cynthia Clark",
      "username": "cclark",
      "job": "Web Developer",
      "teams": 12,
      "tasks": 8,
      "follow": true,
      "followers": "462",
      "following": "312",
      "badge": "idle"
    },
    {
      "avatar": "uifaces16.jpg",
      "name": "Martha Myers",
      "username": "mmyers",
      "job": "Writer",
      "teams": 14,
      "tasks": 21,
      "follow": true,
      "followers": "1,433",
      "following": "258",
      "badge": "online"
    },
    {
      "avatar": "uifaces15.jpg",
      "name": "Tammy Beck",
      "username": "tbeck",
      "job": "Designer",
      "teams": 15,
      "tasks": 4,
      "follow": true,
      "followers": "5,112",
      "following": "32",
      "badge": "online"
    },
    {
      "avatar": "uifaces17.jpg",
      "name": "Susan Kelley",
      "username": "skelley",
      "job": "Web Developer",
      "teams": 21,
      "tasks": 8,
      "follow": false,
      "followers": "1,212",
      "following": "8",
      "badge": "busy"
    },
    {
      "avatar": "uifaces18.jpg",
      "name": "Albert Newman",
      "username": "anewman",
      "job": "Web Developer",
      "teams": 8,
      "tasks": 15,
      "follow": true,
      "followers": "31.6K",
      "following": "266",
      "badge": "offline"
    },
    {
      "avatar": "uifaces19.jpg",
      "name": "Kyle Grant",
      "username": "kgrant",
      "job": "Designer",
      "teams": 3,
      "tasks": 12,
      "follow": true,
      "followers": "4,122",
      "following": "519",
      "badge": "online"
    }
  ]
}
