{
  "tasks": [
    {
      "project": "Smart Paper",
      "initial": "SP",
      "color": "indigo",
      "labels": ["teal", "pink", "yellow"],
      "name": "Make lemonade from scratch",
      "priority": "primary",
      "worked": "16:36",
      "estimate": "24:00",
      "overestimate": false,
      "duedate": "Apr 02",
      "ongoing": true,
      "members": 3,
      "todos": 6,
      "todosCompleted": 4,
      "comments": 12
    },
    {
      "project": "Looper Admin Theme",
      "initial": "LT",
      "color": "blue",
      "labels": ["purple"],
      "name": "Mix up a pitcher of sangria",
      "priority": "primary",
      "worked": "03:36",
      "estimate": "04:00",
      "overestimate": false,
      "duedate": "In 3 days",
      "ongoing": true,
      "members": 1,
      "todos": 0,
      "todosCompleted": 0,
      "comments": 0
    },
    {
      "project": "Online Store",
      "initial": "OS",
      "color": "yellow",
      "labels": ["red", "cyan"],
      "name": "Ride a roller coaster",
      "priority": "warning",
      "worked": "50:02",
      "estimate": "48:00",
      "overestimate": true,
      "duedate": "Tomorrow",
      "ongoing": false,
      "members": 2,
      "todos": 21,
      "todosCompleted": 19,
      "comments": 36
    },
    {
      "project": "Syrena Project",
      "initial": "SP",
      "color": "pink",
      "labels": ["teal", "green"],
      "name": "Dangle your feet off a dock",
      "priority": "danger",
      "worked": "03:11",
      "estimate": "6:00",
      "overestimate": false,
      "duedate": "Apr 07",
      "ongoing": true,
      "members": 2,
      "todos": 0,
      "todosCompleted": 0,
      "comments": 0
    },
    {
      "project": "Online Store",
      "initial": "OS",
      "color": "yellow",
      "labels": false,
      "name": "Have a picnic in the park",
      "priority": "primary",
      "worked": "08:36",
      "estimate": "12:00",
      "overestimate": false,
      "duedate": "In 2 days",
      "ongoing": false,
      "members": 4,
      "todos": 15,
      "todosCompleted": 15,
      "comments": 8
    },
    {
      "project": "Looper Admin Theme",
      "initial": "LT",
      "color": "blue",
      "labels": false,
      "name": "Swim in a lake",
      "priority": "danger",
      "worked": "11:36",
      "estimate": "12:00",
      "overestimate": false,
      "duedate": "Mar 23",
      "ongoing": true,
      "members": 4,
      "todos": 6,
      "todosCompleted": 6,
      "comments": 24
    }
  ]
}
