{
  "tasks2": [
    {
      "labels": ["teal", "pink", "yellow"],
      "name": "Redesign website",
      "priority": "primary",
      "worked": "16:36",
      "estimate": "24:00",
      "overestimate": false,
      "duedate": "Apr 02",
      "ongoing": false,
      "members": 3,
      "todos": 15,
      "todosCompleted": 15,
      "comments": 12
    },
    {
      "labels": ["purple"],
      "name": "Write new content",
      "priority": "primary",
      "worked": "03:36",
      "estimate": "04:00",
      "overestimate": false,
      "duedate": "In 3 days",
      "ongoing": true,
      "members": 1,
      "todos": 6,
      "todosCompleted": 6,
      "comments": 0
    },
    {
      "labels": ["red", "cyan"],
      "name": "Apply new styles",
      "priority": "warning",
      "worked": "50:02",
      "estimate": "48:00",
      "overestimate": true,
      "duedate": "Tomorrow",
      "ongoing": true,
      "members": 2,
      "todos": 21,
      "todosCompleted": 19,
      "comments": 36
    },
    {
      "labels": ["teal", "green"],
      "name": "Review",
      "priority": "danger",
      "worked": "03:11",
      "estimate": "6:00",
      "overestimate": false,
      "duedate": "Apr 07",
      "ongoing": false,
      "members": 2,
      "todos": 0,
      "todosCompleted": 0,
      "comments": 0
    },
    {
      "labels": false,
      "name": "Deploy",
      "priority": "primary",
      "worked": "08:36",
      "estimate": "12:00",
      "overestimate": false,
      "duedate": "In 2 days",
      "ongoing": false,
      "members": 4,
      "todos": 5,
      "todosCompleted": 0,
      "comments": 8
    },
    {
      "labels": false,
      "name": "Go live!",
      "priority": "danger",
      "worked": "11:36",
      "estimate": "12:00",
      "overestimate": false,
      "duedate": "Mar 23",
      "ongoing": false,
      "members": 4,
      "todos": 2,
      "todosCompleted": 0,
      "comments": 24
    }
  ]
}
