{
  "trackings": [
    {
      "task": "Redesign website",
      "date": "09/25/2018",
      "time": "12:20pm",
      "spent": "15:20"
    },
    {
      "task": "Write new content",
      "date": "10/07/2018",
      "time": "8:13pm",
      "spent": "12:40"
    },
    {
      "task": "Redesign website",
      "date": "10/15/2018",
      "time": "5:22pm",
      "spent": "34:30"
    },
    {
      "task": "Redesign website",
      "date": "10/15/2018",
      "time": "7:36am",
      "spent": "23:41"
    },
    {
      "task": "Apply new styles",
      "date": "10/19/2018",
      "time": "9:32pm",
      "spent": "11:12"
    },
    {
      "task": "Write new content",
      "date": "10/21/2018",
      "time": "5:28am",
      "spent": "27:45"
    },
    {
      "task": "Review",
      "date": "11/03/2018",
      "time": "3:13am",
      "spent": "21:17"
    },
    {
      "task": "Apply new styles",
      "date": "11/06/2018",
      "time": "11:27pm",
      "spent": "20:45"
    },
    {
      "task": "Deploy",
      "date": "11/06/2018",
      "time": "6:20pm",
      "spent": "19:46"
    },
    {
      "task": "Apply new styles",
      "date": "11/07/2018",
      "time": "9:36pm",
      "spent": "40:44"
    },
    {
      "task": "Review",
      "date": "11/14/2018",
      "time": "5:11am",
      "spent": "19:46"
    },
    {
      "task": "Go live!",
      "date": "11/15/2018",
      "time": "2:35pm",
      "spent": "11:12"
    }
  ]
}
